{
  "1": "1-1",
  "2": "1-2",
  "3": "1-3",
  "4": "1-4",
  "5": "2-1",
  "6": "2-2",
  "7": "2-3",
  "8": "2-4",
  "9": "3-1",
  "10": "3-2",
  "11": "3-3",
  "12": "3-4",
  "13": "4-1",
  "14": "4-2",
  "15": "4-3",
  "16": "4-4",
  "17": "1-5",
  "18": "1-6",
  "19": "1-7",
  "20": "1-8",
  "21": "2-5",
  "22": "2-6",
  "23": "2-7",
  "24": "2-8",
  "25": "3-5",
  "26": "3-6",
  "27": "3-7",
  "29": "4-5",
  "42": "???",
  "52": "GG Beta",
  "53": "GG Gamma",
  "55": "GG Delta",
  "58": "Battle Map",
  "61": "MMO INVASION",
  "62": "EIC INVASION",
  "63": "VRU INVASION",
  "70": "GG Epsilon",
  "71": "GG Zeta",
  "74": "GG Kappa",
  "75": "GG Lambda",
  "76": "GG Kronos",
  "91": "5-1",
  "92": "5-2",
  "93": "5-3",
  "101": "JP",
  "102": "JP",
  "103": "JP",
  "104": "JP",
  "106": "JP",
  "107": "JP",
  "108": "JP",
  "109": "JP",
  "110": "JP",
  "111": "JP",
  "112": "UBA",
  "113": "UBA",
  "114": "UBA",
  "115": "UBA",
  "116": "UBA",
  "117": "UBA",
  "118": "UBA",
  "119": "UBA",
  "120": "UBA",
  "121": "UBA",
  "150": "R-Zone 1",
  "151": "R-Zone 2",
  "152": "R-Zone 3",
  "200": "4-5",
  "201": "SC-1",
  "202": "SC-2",
  "224": "Battle Royal",
  "306": "1-BL",
  "307": "2-BL",
  "308": "3-BL",
  "309": "4-6",
  "310": "4-7",
  "311": "4-8"
}
